created_at,text
2021-12-03 06:49:19,Fati27255537
2021-12-03 06:48:57,UMusicMalaysia
2021-12-03 06:48:54,UMusicMalaysia
2021-12-03 06:48:45,mccaxtroc
2021-12-03 06:48:15,NobiaDelHoseok
2021-12-03 06:45:44,Zahidbasssss
2021-12-03 06:44:38,floorca_
2021-12-03 06:40:57,OVERDRIVEVlNYL
2021-12-03 06:40:18,I_hopethaturok
2021-12-03 06:38:40,_astronomyvinyl
2021-12-03 06:37:07,whoamiifnotyou
2021-12-03 06:36:23,rikiparalumxn
2021-12-03 06:35:46,icysaltwater
2021-12-03 06:34:31,EvCanVo99
2021-12-03 06:33:44,ConeyIslandstan
2021-12-03 06:32:37,Mikoelalien
2021-12-03 06:31:38,tsmommymiIkers
2021-12-03 06:30:27,emtionalaffair
2021-12-03 06:28:56,svetlanalexiko1
2021-12-03 06:26:24,iriamxrtin
2021-12-03 06:23:30,annxpearlx
2021-12-03 06:23:15,sunsxtculture
2021-12-03 06:21:49,death_reaperr
2021-12-03 06:21:40,rapppido
2021-12-03 06:20:15,Se7enline_radio
2021-12-03 06:17:10,Agniesz57460919
2021-12-03 06:16:07,manumkkkj
2021-12-03 06:13:54,Tanisha_0401
2021-12-03 06:13:22,loverstaymyage
2021-12-03 06:12:29,n0stalgiabound
2021-12-03 06:11:37,icysaltwater
2021-12-03 06:11:04,Gvin_cent
2021-12-03 06:08:54,skygirlmechanic
2021-12-03 06:08:13,afaer1e
2021-12-03 06:08:12,icysaltwater
2021-12-03 06:08:02,liltimmyart
2021-12-03 06:07:50,Erick_fag
2021-12-03 06:07:02,icysaltwater
2021-12-03 06:07:01,prakritikhanal_
2021-12-03 06:05:35,Alexandher03
2021-12-03 06:02:12,Maripau1212
2021-12-03 06:02:00,icysaltwater
2021-12-03 06:00:21,andradecynth
2021-12-03 05:58:29,keilyperezz
2021-12-03 05:57:52,nogreenisme
2021-12-03 05:55:02,shiningstar0303
2021-12-03 05:51:07,selnaur
2021-12-03 05:49:06,hnkloml_
2021-12-03 05:48:57,Tratyob
2021-12-03 05:48:44,SamaAlenzi
2021-12-03 05:48:13,cityofrep
2021-12-03 05:47:48,Vallezamarantha
2021-12-03 05:47:05,aphroudeath
2021-12-03 05:46:40,Moon56434118
2021-12-03 05:46:36,LauraYacumal
2021-12-03 05:46:23,natalwayslost
2021-12-03 05:44:37,darlingloverman
2021-12-03 05:44:34,hemmomendes98
2021-12-03 05:40:33,joshieee__
2021-12-03 05:39:47,mrsdzero
2021-12-03 05:39:07,ZzZoehernande
2021-12-03 05:38:44,melanieastriddd
2021-12-03 05:35:40,angelicalxandra
2021-12-03 05:31:35,arnau_mateo
2021-12-03 05:31:05,usuisaveme
2021-12-03 05:30:09,joyzyy_
2021-12-03 05:28:14,likeacrimescene
2021-12-03 05:19:47,Vaniagray2Gray
2021-12-03 05:19:26,Kazwhitehead1
2021-12-03 05:19:16,livrodrigold
2021-12-03 05:17:23,galla_elle
2021-12-03 05:16:47,topfanscorner
2021-12-03 05:16:34,treemarkel
2021-12-03 05:16:26,HaraaThats
2021-12-03 05:16:04,smurfstealer051
2021-12-03 05:15:20,iK1TTY__
2021-12-03 05:14:38,YOUNGHOEo_Ot7
2021-12-03 05:14:37,Kazwhitehead1
2021-12-03 05:13:17,ClTY0FST4RS
2021-12-03 05:13:01,horseygirl59
2021-12-03 05:12:52,llindsayluv
2021-12-03 05:12:45,Kazwhitehead1
2021-12-03 05:12:41,callmebylogan
2021-12-03 05:11:16,Kelsey88210908
2021-12-03 05:09:55,C0MFORTCR0WD
2021-12-03 05:09:54,metcalf_jada
2021-12-03 05:09:40,Riclas1107
2021-12-03 05:09:32,_guerricornio_
2021-12-03 05:08:13,thecomfordcrowd
2021-12-03 05:06:33,checkmqtevinyl
2021-12-03 05:06:31,xianghandholder
2021-12-03 05:05:50,Vaniagray2Gray
2021-12-03 05:04:09,OVERDRIVEVlNYL
2021-12-03 05:03:50,Kazwhitehead1
2021-12-03 05:03:48,Sofia_weareone
2021-12-03 05:03:46,littIeIeague
2021-12-03 05:02:17,kirigirikrow
2021-12-03 05:01:00,realavish
2021-12-03 05:00:04,Kansnaps
2021-12-03 05:00:00,realavish
2021-12-03 04:56:23,Smuffinchloe
2021-12-03 04:53:11,tpwkspideyy
2021-12-03 04:50:40,topfanscorner
2021-12-03 04:44:57,bl0od_g7rl
2021-12-03 04:41:00,newsoneplace
2021-12-03 04:39:20,whoopsiinia
2021-12-03 04:37:52,afnan_luqman
2021-12-03 04:33:47,YouMmmh
2021-12-03 04:32:51,cresia_reigo
2021-12-03 04:24:16,athirahali10
2021-12-03 04:20:04,hereforBTShehe
2021-12-03 04:17:33,ErikaLorrayne__
2021-12-03 04:15:33,hxneydulce
2021-12-03 04:13:06,5Fxemma
2021-12-03 04:08:59,wncai1
2021-12-03 04:08:28,vnsailormoon
2021-12-03 04:04:57,neosshopee
2021-12-03 04:02:40,Estefania_Gray
2021-12-03 04:01:46,moninava9
2021-12-03 03:55:49,moninava9
2021-12-03 03:52:57,zara_bunny17
2021-12-03 03:51:58,Dartanhaoficial
2021-12-03 03:47:59,aerihwang4
2021-12-03 03:40:10,CONANSOULS
2021-12-03 03:36:26,haruukkkh
2021-12-03 03:36:13,SherlyRomn4
2021-12-03 03:32:35,yayaxz_
2021-12-03 03:23:29,marsftstyles
2021-12-03 03:19:56,pipiiii01
2021-12-03 03:16:31,txtpikudos
2021-12-03 03:14:14,Sunflower_23_
2021-12-03 03:09:35,lixiemovies
2021-12-03 03:08:46,topfanscorner
2021-12-03 03:06:19,nadyuuuhhh
2021-12-03 03:05:19,lauramozer3
2021-12-03 03:05:06,vienknight
2021-12-03 03:04:14,_mal_e
2021-12-03 03:02:50,ewellybitch
2021-12-03 02:56:42,CookieClxuds
2021-12-03 02:50:45,snowIunar
2021-12-03 02:50:07,eyelash_kats
2021-12-03 02:41:12,juanderjournal
2021-12-03 02:38:06,Eniemoniemoo
2021-12-03 02:35:58,Euluna_3
2021-12-03 02:31:07,_jh21_
2021-12-03 02:12:43,pickmegurlll
2021-12-03 02:06:49,Michellejonemcu
2021-12-03 02:01:47,Jay_manoratna
2021-12-03 01:57:03,Missgurlmaya
2021-12-03 01:56:29,yxzdce
2021-12-03 01:53:18,katebishopsluvr
2021-12-03 01:50:35,yoshidakonoe
2021-12-03 01:46:14,arisara3313
2021-12-03 01:43:29,sunsetsnpasta
2021-12-03 01:42:40,RinburcheD
2021-12-03 01:41:34,shreeja_shreya
2021-12-03 01:31:03,jagrutiD2
2021-12-03 01:26:10,HSavernake
2021-12-03 01:22:01,ajakfilms
2021-12-03 01:18:25,redloukamaa
2021-12-03 01:14:57,sickaqua
2021-12-03 01:12:15,saakshagupta
2021-12-03 01:12:11,iambuckysdoll
2021-12-03 01:12:04,Music_Mashupss
2021-12-03 00:59:19,ChrisnaImelda
2021-12-03 00:38:20,jbzidane
2021-12-03 00:22:24,BatuPrivat
2021-12-03 00:16:24,bbarbarasc
2021-12-03 00:14:22,Nevermore1345
2021-12-03 00:10:58,ruthusri0704
2021-12-03 00:09:34,anne__Susanne
2021-12-02 23:59:04,urfavasexual
2021-12-02 23:41:58,kuhbae
2021-12-02 23:38:02,Ji_Changwookiee
2021-12-02 23:33:46,cresia_reigo
2021-12-02 23:30:48,iigummii
2021-12-02 23:28:52,lurve_wookie
2021-12-02 23:27:35,Hazza_T91
2021-12-02 23:25:26,JenYettaw
2021-12-02 23:13:24,taliartwork
2021-12-02 23:13:21,taliartwork
2021-12-02 23:10:55,irishfoxer
2021-12-02 23:09:55,topfanscorner
2021-12-02 23:00:01,fhjrnrn
2021-12-02 23:00:00,bbTIGER10
2021-12-02 22:57:28,_xqueenruby_x
2021-12-02 22:50:05,yamatobelo
2021-12-02 22:44:23,kierraneslopez
2021-12-02 22:40:42,jojosmojos1
2021-12-02 22:37:48,MelanyC66079592
2021-12-02 22:32:21,melsgirlfriend
2021-12-02 22:30:09,aksharmistry
2021-12-02 22:28:07,joondairye
2021-12-02 22:08:05,PlebThepotatoe
2021-12-02 22:03:29,rennevverate
2021-12-02 21:23:33,adjust_minahil
2021-12-02 21:00:03,iw_die3
2021-12-02 20:59:10,Letsgobaaless
2021-12-02 20:55:53,pawel_lasek
2021-12-02 20:37:58,Shinmera
2021-12-02 19:33:53,be_my_ibuprofen
2021-12-02 19:03:25,munasro
2021-12-02 18:56:23,aadi_the_kid
2021-12-02 18:26:37,M00nNightSky
2021-12-02 18:11:32,moontaeilonly
2021-12-02 17:35:56,ThankFery
2021-12-02 17:23:20,4chivesss
2021-12-02 16:56:22,dumpyasf
2021-12-02 16:08:51,tsuluvsalbedo
2021-12-02 16:07:31,Kenji_lacap
2021-12-02 16:04:56,chaotic_pan_art
2021-12-02 16:04:34,ezecbbtbae
2021-12-02 16:01:17,TabbySharif
2021-12-02 15:02:26,nanasstitches
2021-12-02 14:51:22,sheilaaaca
2021-12-02 14:49:53,_knittingtopia
2021-12-02 14:43:58,DeanParkerGill1
2021-12-02 14:40:52,EXCLNTASSISTANT
2021-12-02 14:39:54,LovesVintage43
2021-12-02 12:33:50,chupshakanapls
2021-12-02 12:28:40,hinapatotiee
2021-12-02 11:42:40,UdesignsM
2021-12-02 11:34:46,Ness_SeaGlass
2021-12-02 11:34:10,rahul05ranjan
2021-12-02 11:34:03,NortonTutors
2021-12-02 11:25:56,ThatFellaCrafty
2021-12-02 11:25:04,londonsquitebi9
2021-12-02 11:13:55,NortonTutors
2021-12-02 10:33:37,iPythonistaBot
2021-12-02 10:33:32,NortonTutors
2021-12-02 10:32:21,Moha65983603
2021-12-02 10:07:14,Royale_Looking
2021-12-02 09:50:41,mammylisa1
2021-12-02 09:29:11,JustARandomTho7
2021-12-02 07:46:16,SunFlowerh2000
2021-12-02 07:20:32,topfanscorner
2021-12-02 03:57:02,miguel_saget
2021-12-02 03:38:45,ronnie2029
2021-12-02 03:30:44,IfMarys
2021-12-02 02:53:12,IfMarys
2021-12-02 02:15:04,Jblnxx
2021-12-02 02:01:16,BrookLynnChic
2021-12-02 01:10:53,iambronsexual
2021-12-02 00:53:36,CRYPTOnSPORTS24
2021-12-02 00:53:00,topfanscorner
2021-12-02 00:45:41,topfanscorner
2021-12-02 00:37:52,kenzoltt
2021-12-02 00:08:04,topfanscorner
2021-12-01 22:34:32,topfanscorner
2021-12-01 22:31:53,topfanscorner
2021-12-01 22:24:36,ShorelineStudi3
2021-12-01 21:19:11,andrewstrasser
2021-12-01 20:14:27,thehoneybunbunn
2021-12-01 20:10:28,topfanscorner
2021-12-01 17:44:03,dailyfishingBot
2021-12-01 17:41:45,spandexbyyard
2021-12-01 17:08:35,Janeairvintage
2021-12-01 15:58:09,topfanscorner
2021-12-01 15:02:29,topfanscorner
2021-12-01 11:53:37,topfanscorner
2021-12-01 10:51:55,topfanscorner
2021-12-01 09:28:01,spicyhotsbeefs
2021-12-01 09:06:00,StaffsWildlife
2021-12-01 03:00:13,JW0NED
2021-12-01 01:51:19,gemmamac2
2021-11-30 21:50:23,FashionCasbah
2021-11-30 21:12:34,keshx9
2021-11-30 21:07:28,Murphy170D
2021-11-30 20:37:08,LapsleyAndy
2021-11-30 15:09:53,topfanscorner
2021-11-30 14:14:43,topfanscorner
2021-11-30 12:54:27,topfanscorner
2021-11-30 07:08:58,topfanscorner
2021-11-30 06:31:26,MatteoGarrone23
2021-11-30 05:47:58,sarahmroczka_
2021-11-30 01:46:44,topfanscorner
2021-11-30 00:05:32,topfanscorner
2021-11-29 21:39:40,topfanscorner
2021-11-29 20:20:34,promderby2
2021-11-29 19:45:25,topfanscorner
2021-11-29 19:45:08,HeatherAitch1
2021-11-29 18:01:01,brucester_cam
2021-11-29 16:50:17,jimmyq99
2021-11-29 14:35:30,SyngentaOCUK
2021-11-29 10:20:42,davidjbrodie
2021-11-29 10:18:06,Anahata69
2021-11-29 10:17:03,topfanscorner
2021-11-29 08:55:59,galactic_ditto
2021-11-29 08:51:54,LoopImages
2021-11-29 08:05:27,topfanscorner
2021-11-29 07:18:58,LyubovArtCom
2021-11-29 02:50:09,bonniecakess
2021-11-29 02:19:30,bachflowers
2021-11-29 01:56:48,fenforeveryone
2021-11-28 20:51:43,hatcrawler
2021-11-28 19:50:51,yo_wot_the
2021-11-28 19:32:43,topfanscorner
2021-11-28 17:35:26,franmileon
2021-11-28 16:44:52,topfanscorner
2021-11-28 13:22:34,kazamatt
2021-11-28 13:22:18,icedacani
2021-11-28 08:51:25,topfanscorner
2021-11-28 08:01:27,topfanscorner
2021-11-28 06:58:20,topfanscorner
2021-11-28 06:49:47,topfanscorner
2021-11-28 04:34:44,topfanscorner
2021-11-28 03:43:09,GenoaCityBitch
2021-11-28 03:05:15,emaanlovesmilfs
2021-11-28 01:59:27,topfanscorner
2021-11-28 01:33:45,topfanscorner
2021-11-28 01:26:24,topfanscorner
2021-11-27 23:51:56,topfanscorner
2021-11-27 23:23:28,topfanscorner
2021-11-27 23:08:28,topfanscorner
2021-11-27 22:31:03,topfanscorner
2021-11-27 22:17:51,topfanscorner
2021-11-27 14:34:46,topfanscorner
2021-11-27 14:11:47,_knittingtopia
2021-11-27 13:13:04,topfanscorner
2021-11-27 11:11:15,spudzey2
2021-11-27 07:08:52,Teresatherry0
2021-11-27 03:44:55,PrimusTheGamer
2021-11-26 21:12:06,Banana_Joeyy
2021-11-26 18:30:36,kelilouxx21
2021-11-26 15:30:17,egdyquirkyteen
2021-11-26 13:23:46,tinyworks4
2021-11-26 06:37:04,topfanscorner
2021-11-26 05:17:21,BeHandmadeStyle
2021-11-26 04:33:02,topfanscorner
2021-11-26 03:02:10,ShopLinksOnline
2021-11-25 19:40:21,SueCanSew1
2021-11-25 19:22:14,topfanscorner
2021-11-25 19:01:06,topfanscorner
2021-11-25 18:40:26,topfanscorner
2021-11-25 18:28:45,stephowen81
2021-11-25 18:19:54,audiotypistni
2021-11-25 18:11:57,youth_tree
2021-11-25 17:11:08,topfanscorner
2021-11-25 16:47:59,CareRegime
2021-11-25 16:29:14,TTabbyshack
2021-11-25 16:19:13,BelfastHourNI
2021-11-25 15:55:40,Ness_SeaGlass
2021-11-25 15:55:36,Ness_SeaGlass
2021-11-25 15:34:15,GloriaGupo
2021-11-25 15:28:47,MHHSBD
2021-11-25 15:28:33,MHHSBD
2021-11-25 15:12:39,Reynardine_C
2021-11-25 15:04:26,StephenOWC33
2021-11-25 15:03:59,StephenOWC33
2021-11-25 14:58:22,MartineFournel
2021-11-25 14:56:10,ShorelineStudi3
2021-11-25 14:53:02,ShorelineStudi3
2021-11-25 03:46:08,topfanscorner
2021-11-25 02:53:19,ArtofeVan
2021-11-25 01:55:18,ampasmen
2021-11-25 00:55:37,Ryan__Kaiser
2021-11-25 00:30:43,HeatherGreye
2021-11-24 22:23:17,topfanscorner
2021-11-24 19:14:15,topfanscorner